idx,cell.bc,acc
0,d2_5-atac-GTAGTACGTTTCGATG-1,1.0
1,d2_5-atac-AGTCCGGAGTTCGTTG-1,0.85
2,d2_5-atac-AACCTTTGTACGTAAA-1,0.0
3,d2_5-atac-GAACGTTAGCTCGTTA-1,1.0
4,d2_5-atac-TGTAGCAAGCAACTGG-1,0.0
5,d2_5-atac-CCGAAGCAGGACTAGC-1,1.0
6,d2_5-atac-TTACCGCGTCAAATCC-1,1.0
7,d2_5-atac-CAAGGCCTCAGGGTTT-1,0.0
8,d2_5-atac-TTGAGCAGTGTCGTCG-1,0.22
9,d2_5-atac-TGTACGATCCGTACGG-1,1.0
10,d2_5-atac-CAATCCCAGTTCGCGC-1,0.0
11,d2_5-atac-AAATGCCGTGCAAGAC-1,0.85
12,d2_5-atac-TGATGCAAGGATGCCA-1,0.23
13,d2_5-atac-GTCGTAACATTTAGGC-1,0.0
14,d2_5-atac-TTTGGTTAGTTCAACC-1,0.98
15,d2_5-atac-GAGAACGAGAGCCTGA-1,0.0
16,d2_5-atac-AACCGATAGAGGAATG-1,0.91
17,d2_5-atac-GCTGTTCAGTAGCAAT-1,1.0
18,d2_5-atac-CGGTGCAAGTTATGAG-1,1.0
19,d2_5-atac-TTACCCGCAAGCGTCC-1,0.98
20,d2_5-atac-ACAATCGTCCATCATT-1,1.0
21,d2_5-atac-GAGCATTTCGTTGTAG-1,1.0
22,d2_5-atac-CATAACGTCCCGTAGG-1,0.0
23,d2_5-atac-TTACGTTGTAGCGGTA-1,0.0
24,d2_5-atac-GCGGTGTCATTACTCT-1,1.0
25,d2_5-atac-CTGTATTCAATCACTG-1,0.03
26,d2_5-atac-TAGGAGGAGACACAAT-1,1.0
27,d2_5-atac-GGAATCTGTGATTCCA-1,1.0
28,d2_5-atac-GATCATGAGAGGCCTA-1,1.0
29,d2_5-atac-GGTGTCGGTGATAGAT-1,1.0
30,d2_5-atac-TTGCGAACAATTCGTG-1,1.0
31,d2_5-atac-AGCCGCACATCAGAAA-1,1.0
32,d2_5-atac-TCGCAGGTCCTTCGAC-1,1.0
33,d2_5-atac-TTAGCGAAGGGTATCG-1,0.56
34,d2_5-atac-CCAATGATCTATAGGC-1,0.0
35,d2_5-atac-TCAGTTTCAAGTAACA-1,1.0
36,d2_5-atac-TAATCGGGTTTCCGGG-1,1.0
37,d2_5-atac-GTAGACTCAAGGAAGA-1,1.0
38,d2_5-atac-GAGTGAGTCCGCTCTA-1,1.0
39,d2_5-atac-GTACTTTCACCATTCC-1,1.0
40,d2_5-atac-CGCGCAAAGGTTTCTG-1,1.0
41,d2_5-atac-TAACGGTTCGGCATAT-1,1.0
42,d2_5-atac-TGTACGATCCATAGGT-1,0.0
43,d2_5-atac-ACTACGAGTTACACTG-1,0.99
44,d2_5-atac-GGAGGATAGCCATTCA-1,1.0
45,d2_5-atac-TTCTAACCAGCTATAC-1,1.0
46,d2_5-atac-GTACTTTAGCTGCCAC-1,0.0
47,d2_5-atac-CGCTGGACATGTCCCT-1,1.0
48,d2_5-atac-TACTCGCGTTATGCAC-1,0.98
49,d2_5-atac-TCAAAGCCAGCAAACG-1,1.0
50,d2_5-atac-ACTACCCTCTTGTACT-1,0.95
51,d2_5-atac-GTTCAAGCAATGCACT-1,1.0
52,d2_5-atac-TTTACGTTCTCGGCGA-1,1.0
53,d2_5-atac-TAGCCCTCAGGTGGTA-1,1.0
54,d2_5-atac-TTAGGTGGTCTAACCA-1,0.0
55,d2_5-atac-TCGTTCGTCCTTTGAT-1,1.0
56,d2_5-atac-TCGAGCGGTAAACGAT-1,1.0
57,d2_5-atac-GCACGGTCAGGTGTGA-1,1.0
58,d2_5-atac-CCTCCCTGTCAACAGG-1,1.0
59,d2_5-atac-CAGCTAAAGTACCCAT-1,1.0
60,d2_5-atac-CCCTAGTTCCTGTGGG-1,0.0
61,d2_5-atac-CAAGCTATCTTGTACT-1,0.91
62,d2_5-atac-AGGCGAATCTGGCCAG-1,1.0
63,d2_5-atac-AACTGGTGTATTTGCG-1,1.0
64,d2_5-atac-GCATGATTCCACGCTT-1,1.0
65,d2_5-atac-CAATCCCAGAACGTCG-1,0.0
66,d2_5-atac-GTGTCCTTCTAAACGC-1,1.0
67,d2_5-atac-CCACGTTCAAGTTGCT-1,0.0
68,d2_5-atac-CAGGATTTCGCCAGAC-1,1.0
69,d2_5-atac-GTCTACCGTTTCCGGG-1,1.0
70,d2_5-atac-GTCACAAGTACTAGAA-1,1.0
71,d2_5-atac-CCCAGAGAGATCTAAG-1,1.0
72,d2_5-atac-CTTCTAACAGACTAAA-1,0.82
73,d2_5-atac-CGCTGGAAGAGGTACC-1,1.0
74,d2_5-atac-GGAACTTTCATTCTCA-1,1.0
75,d2_5-atac-CAAGGCCAGCAATAAC-1,1.0
76,d2_5-atac-GTTCAAGTCACAGGGA-1,1.0
77,d2_5-atac-TACTAGGTCCACGGCA-1,1.0
78,d2_5-atac-CAATCCCAGAAATACC-1,1.0
79,d2_5-atac-AAATGCCTCCCAGCAG-1,1.0
80,d2_5-atac-AGGCCCAAGACTAGCG-1,1.0
81,d2_5-atac-ATTACTCAGTACAACA-1,1.0
82,d2_5-atac-CTGTTCGGTTCTTTGT-1,1.0
83,d2_5-atac-CTGTATTTCCTTACGC-1,1.0
84,d2_5-atac-ACCAAACGTGGCGCTT-1,1.0
85,d2_5-atac-ATAGTCGTCGTGAACT-1,1.0
86,d2_5-atac-AACATCGCAAGCAATA-1,0.32
87,d2_5-atac-GAGCATTGTGTCGTCG-1,1.0
88,d2_5-atac-GTGCACGGTGCACCCA-1,0.31
89,d2_5-atac-TATCTGTTCTCCTTGG-1,1.0
90,d2_5-atac-TAAGTGCGTGGCCTTG-1,1.0
91,d2_5-atac-ATAGTCGAGTGCACAG-1,0.05
92,d2_5-atac-GTGCTGGGTCGATTAC-1,1.0
93,d2_5-atac-ATTTGTCGTTACCACA-1,1.0
94,d2_5-atac-CTTGAAGCAACGGGTA-1,0.0
95,d2_5-atac-TTGTTGTAGTACAACA-1,0.0
96,d2_5-atac-CTCTACGGTTCCATCC-1,0.89
97,d2_5-atac-CCGAAGCGTAAACGTA-1,0.0
98,d2_5-atac-AACCTGATCTTGTCAT-1,0.01
99,d2_5-atac-GGTTGCGGTTTAGAAG-1,0.28
100,d2_5-atac-CAGGATTAGAAGCCTG-1,1.0
101,d2_5-atac-GTTATGGTCGCGCCAA-1,1.0
102,d2_5-atac-CATTCATCAATCCATG-1,1.0
103,d2_5-atac-TCAAGCACAGAATGCG-1,0.0
104,d2_5-atac-GCGCATGGTGAGGGTT-1,1.0
105,d2_5-atac-AAAGGATGTCCTCAGG-1,1.0
106,d2_5-atac-AATGGAATCAAACCCA-1,0.0
107,d2_5-atac-CCACAGGTCCAGGGAA-1,1.0
108,d2_5-atac-TTTGGTTTCGCACAAT-1,1.0
109,d2_5-atac-CTCTAGCAGAACAGGA-1,0.99
110,d2_5-atac-CTTGAAGCACGTACAT-1,0.56
111,d2_5-atac-GGTTGCGCATCATCGA-1,0.0
112,d2_5-atac-TCGTTCGGTGCAAAGC-1,1.0
113,d2_5-atac-ACCATCCTCCTATCAT-1,0.0
114,d2_5-atac-AACATCGAGCGTTAGG-1,1.0
115,d2_5-atac-TCAGGTACAAGTTCGT-1,1.0
116,d2_5-atac-CATTCCGTCAGAGTGG-1,1.0
117,d2_5-atac-TGGTCAATCGCCCTTA-1,1.0
118,d2_5-atac-CGTAAACTCGTTACAG-1,1.0
119,d2_5-atac-GGAACCCTCGCCACTT-1,0.11
120,d2_5-atac-AGATTCGCAGTCCTGG-1,1.0
121,d2_5-atac-TTACTCAGTACATGGG-1,1.0
122,d2_5-atac-CCGAAGCCATGGTTTG-1,1.0
123,d2_5-atac-TTACCCGTCTGCGTCT-1,1.0
124,d2_5-atac-ATCCTCGGTATGTTCG-1,1.0
125,d2_5-atac-CACTGAAGTAACTGAA-1,1.0
126,d2_5-atac-TGCTTTAGTATCACAC-1,0.0
127,d2_5-atac-AACCGATTCGGGAATG-1,0.0
128,d2_5-atac-ACGTGGCGTTTGCGAT-1,1.0
129,d2_5-atac-ACAAAGAAGTACTCTG-1,1.0
130,d2_5-atac-CCGAAGCGTGCTTGAT-1,1.0
131,d2_5-atac-TCCCACACAACGCACC-1,0.04
132,d2_5-atac-CGGACTGTCGCCTTAC-1,0.01
133,d2_5-atac-GGATAGGAGGTAGGCT-1,1.0
134,d2_5-atac-TATGTTCCACTGCTCT-1,1.0
135,d2_5-atac-GGAACCCAGTAGTGTA-1,0.0
136,d2_5-atac-TTAGGTGTCAAGGCAG-1,1.0
137,d2_5-atac-ACTAGGTAGACTCTTG-1,1.0
138,d2_5-atac-GATGGCCGTTAAGTCC-1,0.77
139,d2_5-atac-GCCCAGAGTTTAAGGA-1,0.21
140,d2_5-atac-AGACAAAGTTTGAAGA-1,1.0
141,d2_5-atac-GTGCCAGTCTACTTTG-1,0.0
142,d2_5-atac-TGGACATCATGTGAGG-1,1.0
143,d2_5-atac-CATTCCGAGCAGGACT-1,0.14
144,d2_5-atac-CTGGGACCACCACCAG-1,0.02
145,d2_5-atac-TGTTAGGTCCCAATAG-1,0.06
146,d2_5-atac-TTCGCGTCAGCACATT-1,1.0
147,d2_5-atac-ACTAACGCAGTGCTCG-1,1.0
148,d2_5-atac-GTCACCTCACCTACCT-1,0.72
149,d2_5-atac-ATAGTCGCACTGAAGG-1,0.0
150,d2_5-atac-CGTACAAGTCATTGGT-1,1.0
151,d2_5-atac-ATTACCTAGGGTGTTG-1,1.0
152,d2_5-atac-GCAAAGGTCCTCCATG-1,1.0
153,d2_5-atac-GTGCCAGCATTCTTTG-1,1.0
154,d2_5-atac-CCACGTTAGCTACGTT-1,1.0
155,d2_5-atac-CGCGCAACAGTTCGGC-1,1.0
156,d2_5-atac-TCAGTTTAGTGAGTGC-1,0.99
157,d2_5-atac-GAATCTGGTCAACGGA-1,0.04
158,d2_5-atac-CTGAATGTCCAATAGC-1,1.0
159,d2_5-atac-GCATGATCATGCGTTA-1,1.0
160,d2_5-atac-TTGGTCCGTCTCTGGG-1,0.0
161,d2_5-atac-GCGATCGCAATTCTCT-1,1.0
162,d2_5-atac-GTGTGATCAGCAACCC-1,0.86
163,d2_5-atac-TTCTAACGTTACGAAA-1,1.0
164,d2_5-atac-TCACTCGAGGTTCTCA-1,1.0
165,d2_5-atac-AAGGTTCCATGGCCTG-1,0.0
166,d2_5-atac-CACCTGTGTTAAGTCC-1,1.0
167,d2_5-atac-GCGTTGGTCGTTCTAT-1,1.0
168,d2_5-atac-AACTGTGTCATTCTCA-1,1.0
169,d2_5-atac-TACCTATCATAGCAGG-1,1.0
170,d2_5-atac-ATTGTGGTCTTACTCA-1,0.04
171,d2_5-atac-TTGTTGTTCTTCTCTC-1,1.0
172,d2_5-atac-GAACCTACATGGGACA-1,1.0
173,d2_5-atac-GCAGCTGTCAGGTTTG-1,0.2
174,d2_5-atac-CTTCTAAGTAACAATG-1,1.0
175,d2_5-atac-TGGCAATTCGTGAACT-1,1.0
176,d2_5-atac-TTAGCGATCGCGATGC-1,1.0
177,d2_5-atac-CTGAATGCACCACCAG-1,0.11
178,d2_5-atac-TGCGTAAGTCATCGTA-1,0.99
179,d2_5-atac-AGCTGATTCCAGGTCG-1,0.0
180,d2_5-atac-TCTCAGCGTTGGAGGT-1,0.97
181,d2_5-atac-GGAGTAGAGTCTGCTA-1,1.0
182,d2_5-atac-GAGGATGAGTGGACGT-1,0.0
183,d2_5-atac-TCAGTTTGTCCTCAGG-1,1.0
184,d2_5-atac-ACAGGCCGTCACTCTC-1,0.0
185,d2_5-atac-AAAGGGCCAAAGAAGG-1,1.0
186,d2_5-atac-GTAATCGCAGTAACGG-1,0.0
187,d2_5-atac-GGTGAAGAGAAGCCGT-1,1.0
188,d2_5-atac-AGGCCTGGTACCCATA-1,0.05
189,d2_5-atac-CTTCCAGAGACAACGC-1,1.0
190,d2_5-atac-GCGCCAAAGAATGCTA-1,1.0
191,d2_5-atac-ACGTGGCGTCGAGAAC-1,0.87
192,d2_5-atac-TATTGCTGTCACTCTC-1,1.0
193,d2_5-atac-AGGCCCACATCACAGT-1,0.0
194,d2_5-atac-ACAGACTTCGAGCGCT-1,1.0
195,d2_5-atac-GTGCCAGAGAATGCTA-1,1.0
196,d2_5-atac-GCGAGTCTCGGATAGG-1,0.7
197,d2_5-atac-GTGGCGTAGGTTCTCA-1,0.0
198,d2_5-atac-AAGGAGCAGGTCACTT-1,1.0
199,d2_5-atac-GCGAGTCTCTTAAGCG-1,1.0
200,d2_5-atac-GCCTAGGCATGGAGGT-1,0.0
201,d2_5-atac-GCGGAAAGTCATTGCA-1,0.0
202,d2_5-atac-TGATGCAGTCATAGAA-1,1.0
203,d2_5-atac-AGTCCGGAGAGAGTTT-1,1.0
204,d2_5-atac-GCGATCGAGGTCGTTT-1,1.0
205,d2_5-atac-TTACGGAAGAATCAAC-1,1.0
206,d2_5-atac-AACGGGAAGTCTGTGT-1,1.0
207,d2_5-atac-GTGACATCACGTGAAG-1,0.0
208,d2_5-atac-CAATCCCCAAGGAACC-1,0.98
209,d2_5-atac-CCCAGAGGTGGTGGTA-1,1.0
210,d2_5-atac-ACTTCCGAGGGTCCCT-1,0.0
211,d2_5-atac-CCAATGACACCACGAC-1,0.16
212,d2_5-atac-GCCATAATCAACTTGG-1,0.0
213,d2_5-atac-AACCGATCAGGAGCAT-1,0.85
214,d2_5-atac-GGTGAAGTCAAACCAC-1,1.0
215,d2_5-atac-GTAGGAGGTGCGTCCA-1,1.0
216,d2_5-atac-TAACTTCAGAGGAAGT-1,1.0
217,d2_5-atac-CTGGCAGTCCCAATAG-1,0.03
218,d2_5-atac-TTGCGGGGTGGTAAGC-1,1.0
219,d2_5-atac-CTTCTAATCTCTGTTA-1,0.99
220,d2_5-atac-CAGGGCTTCGGTTAGT-1,0.33
221,d2_5-atac-ACCGAATCAAGACTAA-1,1.0
222,d2_5-atac-GTAGGAGCACATAAAG-1,0.0
223,d2_5-atac-TTAGCGACATGCGACC-1,0.0
224,d2_5-atac-CAACGGCAGTTCAACC-1,1.0
225,d2_5-atac-TCAGGGCAGGTGTTGG-1,0.0
226,d2_5-atac-TCTATTGAGCATTGGG-1,0.42
227,d2_5-atac-TGGGTTATCGTTGTAG-1,1.0
228,d2_5-atac-TGTGGCGTCTCGCGGA-1,1.0
229,d2_5-atac-CCTAAAGTCACGATTG-1,0.9
230,d2_5-atac-GCACGGTTCGCACCGA-1,1.0
231,d2_5-atac-GAAGTCTCAGCAACCC-1,1.0
232,d2_5-atac-CTTGAAGTCCGAGAGA-1,0.0
233,d2_5-atac-TGCTTCGTCGTATAGC-1,1.0
234,d2_5-atac-TGCCTCAGTGTCCTTC-1,1.0
235,d2_5-atac-GTAGACTAGTTGCGCC-1,1.0
236,d2_5-atac-AGCTGTAGTAATGCAA-1,1.0
237,d2_5-atac-CACCTGTCAGGAGCAT-1,0.89
238,d2_5-atac-AGATAGAAGACTAGCG-1,0.12
239,d2_5-atac-TAATTCCAGAGCTGTG-1,0.78
240,d2_5-atac-CTCAACCCACTCAAGT-1,0.04
241,d2_5-atac-GATCGTATCCAACAAC-1,1.0
242,d2_5-atac-TACATGGCAATCCATG-1,1.0
243,d2_5-atac-TCAGCTCCATACAACC-1,1.0
244,d2_5-atac-AGCTGTAAGAAATACC-1,1.0
245,d2_5-atac-TTGCGAACAAGATGCG-1,1.0
246,d2_5-atac-AAAGGATCAATGTGCT-1,1.0
247,d2_5-atac-TCCCACACAGTCCTGG-1,1.0
248,d2_5-atac-CCCAGAGAGAGGAAGT-1,0.02
249,d2_5-atac-TTGCACCGTTACACTG-1,0.05
250,d2_5-atac-CTCTACGCACGGCCAT-1,1.0
251,d2_5-atac-GAACTTGCATCCTCGT-1,0.99
252,d2_5-atac-AAATGCCTCCATCGAA-1,0.0
253,d2_5-atac-GCGGTGTCATTCGTCC-1,0.0
254,d2_5-atac-TGTGTCCAGAACCCGA-1,0.06
255,d2_5-atac-GCCTACTGTGAATCGG-1,1.0
256,d2_5-atac-CCGCATTCACGCTAAT-1,1.0
257,d2_5-atac-GACCGACCAATTAGGA-1,1.0
258,d2_5-atac-TTGTTCAAGATGGCAC-1,1.0
259,d2_5-atac-ACAAGCTGTTTCCGGG-1,1.0
260,d2_5-atac-CGCTAGGTCTAAACGC-1,0.83
261,d2_5-atac-CTAGGATCATGTGAGG-1,1.0
262,d2_5-atac-GATCGTACACTGTTAG-1,1.0
263,d2_5-atac-CAAGCTAAGACCGCAA-1,1.0
264,d2_5-atac-AGCTGTACAGTGCTCG-1,1.0
265,d2_5-atac-GAGAACGGTGTTAGAA-1,1.0
266,d2_5-atac-ATAGGCTCAGGCATCC-1,0.0
267,d2_5-atac-TACCTATTCTTACGGA-1,1.0
268,d2_5-atac-GATCATGGTACGCCCA-1,1.0
269,d2_5-atac-AACCAACGTACTTCGA-1,1.0
270,d2_5-atac-TCTCTGGGTGTTGGTT-1,0.84
271,d2_5-atac-CATTCCGGTTTCTACT-1,1.0
272,d2_5-atac-CCTATTACAAGCCAGA-1,1.0
273,d2_5-atac-CCTTGGTGTAGCAGCA-1,1.0
274,d2_5-atac-ACTAGGTCAGATGGCA-1,0.97
275,d2_5-atac-AGCGTATCATGCCCTT-1,0.0
276,d2_5-atac-CCTTAATTCCATGTTT-1,0.01
277,d2_5-atac-CAATCCCGTCGCTACG-1,0.26
278,d2_5-atac-CCTCCCTAGAGAGTTT-1,1.0
279,d2_5-atac-TGTGGCGGTCAACAGG-1,1.0
280,d2_5-atac-ACTGCGGGTATCACAC-1,1.0
281,d2_5-atac-TAGGTGTAGACGTCAG-1,1.0
282,d2_5-atac-TTGACGAGTCGCTAGC-1,0.0
283,d2_5-atac-TGGGTTACATCGTACA-1,0.0
284,d2_5-atac-GGATAGGCACTGAAGG-1,1.0
285,d2_5-atac-CTGGCAGCACTAAACC-1,1.0
286,d2_5-atac-ATCGAGTAGGTCACTT-1,0.0
287,d2_5-atac-CACGTTCAGATCTCAC-1,0.0
288,d2_5-atac-GTGATCAGTAGCATGG-1,0.1
289,d2_5-atac-CATTCCGTCAACTTGG-1,0.0
290,d2_5-atac-ACCATCCTCCATAGGT-1,1.0
291,d2_5-atac-CGGTGCATCTCTATTG-1,0.96
292,d2_5-atac-AGATTCGTCCCACTTG-1,0.99
293,d2_5-atac-AACGAGGCACGTTACA-1,1.0
294,d2_5-atac-TTCATCAAGTTACCAC-1,0.0
295,d2_5-atac-TGCGTAATCGAACCGC-1,1.0
296,d2_5-atac-CTTAATCCATGATTGC-1,1.0
297,d2_5-atac-TCACAGAAGTACTCTG-1,1.0
298,d2_5-atac-TTAGCTTAGAGCTACG-1,1.0
299,d2_5-atac-ACAAGCTCAAGAAACT-1,0.0
300,d2_5-atac-TACATTCAGCGAGCTA-1,1.0
301,d2_5-atac-CCTTAATGTTAAGGGC-1,1.0
302,d2_5-atac-ACCATCCTCAGTTGAC-1,0.01
303,d2_5-atac-ATTGTGGTCTGTTTAC-1,1.0
304,d2_5-atac-CGCAGGTCAGATTTGC-1,1.0
305,d2_5-atac-ACGTTAGCATAGATAG-1,1.0
306,d2_5-atac-CACTAAGGTCCAAGAG-1,1.0
307,d2_5-atac-CAGCTAACAAGGGTAC-1,1.0
308,d2_5-atac-TGGGTGCTCTGGCCAG-1,1.0
309,d2_5-atac-CCGTGAGCAAGACTTC-1,1.0
310,d2_5-atac-CTGCGTTCACCCTTAC-1,0.97
311,d2_5-atac-GGAGAACCAATGATGA-1,1.0
312,d2_5-atac-ATATTCCGTACCTATG-1,0.0
313,d2_5-atac-TGTTAGGGTTGCTTGA-1,1.0
314,d2_5-atac-TGGGTGCCACTCGTGG-1,0.0
315,d2_5-atac-ACTAGGTTCCCGGGTA-1,1.0
316,d2_5-atac-CTCACCACATCCGTAA-1,1.0
317,d2_5-atac-CAGTGCGAGCCATGGA-1,1.0
318,d2_5-atac-TAGGTCAAGGCGATTG-1,1.0
319,d2_5-atac-TCACCTGGTCGGCTGT-1,1.0
320,d2_5-atac-AAGATAGTCCTTCGAC-1,0.0
321,d2_5-atac-CATGCCTTCACCCGGA-1,1.0
322,d2_5-atac-GCGTAGCCATCGAGTT-1,0.97
323,d2_5-atac-TGCTCGTTCCTTGACC-1,1.0
324,d2_5-atac-ACTTTCACACGACGAA-1,1.0
325,d2_5-atac-AAACTCGCACACACAT-1,1.0
326,d2_5-atac-AGCCTCTAGCGAGCTA-1,0.0
327,d2_5-atac-GGCATTAGTATGGGTG-1,1.0
328,d2_5-atac-CTGGCAGAGTCTGCTA-1,0.88
329,d2_5-atac-TCAGTTTAGAATATCG-1,0.0
330,d2_5-atac-TACTGCCAGAAATACC-1,1.0
331,d2_5-atac-AGCCCGACACCCTTAC-1,1.0
332,d2_5-atac-GGTGTCGCAGGCACAA-1,0.0
333,d2_5-atac-TAAACCGCATTGTGAC-1,1.0
334,d2_5-atac-GTACTTTAGGTCACTT-1,1.0
335,d2_5-atac-ACTGCGGAGTTCAGGG-1,1.0
336,d2_5-atac-TTACCGCGTTATGCAC-1,1.0
337,d2_5-atac-GGAATCTCAGAGCCAA-1,1.0
338,d2_5-atac-AATGGAATCTTGTACT-1,0.0
339,d2_5-atac-GAGGATGTCGTATAGC-1,1.0
340,d2_5-atac-GGAACTTGTACGCAAG-1,0.0
341,d2_5-atac-TGAGTCATCGCTTGAA-1,1.0
342,d2_5-atac-CACATGATCCCACTAC-1,0.0
343,d2_5-atac-ATCCTCGAGTCGATAA-1,0.35
344,d2_5-atac-GATTAGCAGAGCTGTG-1,1.0
345,d2_5-atac-GCACCTTAGCCCATTA-1,0.0
346,d2_5-atac-CTGGCAGAGTGCTCGC-1,1.0
347,d2_5-atac-ACTAGGTAGACTTGAA-1,1.0
348,d2_5-atac-TAAGTGCCATTTCACT-1,1.0
349,d2_5-atac-AATGGAAAGACCGCAA-1,0.7
350,d2_5-atac-GCGGGTTGTCCTATTT-1,0.59
351,d2_5-atac-AGCCGCAAGAGGCAGG-1,1.0
352,d2_5-atac-GAGAACGGTCTGGGCT-1,1.0
353,d2_5-atac-TGTGGCGTCAGTGTGT-1,0.0
354,d2_5-atac-CTGGCAGGTGTTGTTG-1,0.0
355,d2_5-atac-TGCTTTATCACTCGGG-1,0.99
356,d2_5-atac-TTAGCTTAGCGTCAAG-1,1.0
357,d2_5-atac-AAACGAATCCAACCTC-1,1.0
358,d2_5-atac-GAGGCTCGTCGTAATC-1,0.01
359,d2_5-atac-TGCTCACCATCAACTG-1,0.0
360,d2_5-atac-TTCAACTCAATGGCTT-1,0.02
361,d2_5-atac-TCCAGAACACGGTTAT-1,1.0
362,d2_5-atac-TTCAACTGTATTCGAC-1,1.0
363,d2_5-atac-CAGGATTGTGGCATAG-1,0.99
364,d2_5-atac-ACGGATTCACAGTAGG-1,1.0
365,d2_5-atac-GAACTTGTCGTGTGCG-1,1.0
366,d2_5-atac-TGATCAGTCAGATACC-1,1.0
367,d2_5-atac-TGGAAGGAGGTCGGTA-1,1.0
368,d2_5-atac-CACAGATTCCACTAGA-1,1.0
369,d2_5-atac-ACCAAACCAGGCAGAT-1,1.0
370,d2_5-atac-ATCCCTGAGAGTTTGA-1,0.94
371,d2_5-atac-TACCCTGGTTACGGAG-1,1.0
372,d2_5-atac-CGTGGCACAACAACTC-1,1.0
373,d2_5-atac-CCAGAATGTTTGATCG-1,0.08
374,d2_5-atac-AACCAACTCGCTCTAC-1,0.0
375,d2_5-atac-AATGGAAAGGTCACTT-1,1.0
376,d2_5-atac-GGGAACAGTATTTGCG-1,1.0
377,d2_5-atac-AAAGATGAGTTACACC-1,0.0
378,d2_5-atac-TGCATGAGTAGAACGC-1,1.0
379,d2_5-atac-GTTCAAGCATTACTCT-1,1.0
380,d2_5-atac-GTTGGTACAAGGGAGG-1,0.0
381,d2_5-atac-ATTACTCAGAACCATA-1,1.0
382,d2_5-atac-CGCTAGGAGAAGAGTG-1,0.06
383,d2_5-atac-GTACTTTAGTCTAGAA-1,1.0
384,d2_5-atac-TGGCAATGTGGTCGAA-1,1.0
385,d2_5-atac-AATGGAAAGGTTCGAG-1,1.0
386,d2_5-atac-TAACTTCGTACTTGAC-1,0.94
387,d2_5-atac-AATACGCTCCGCCTAT-1,1.0
388,d2_5-atac-TGCTTCGTCTACTGCC-1,0.51
389,d2_5-atac-ACGTTAGGTTTCTCTA-1,1.0
390,d2_5-atac-TTTGCGCCATGCGCTG-1,0.24
391,d2_5-atac-TTGCGAATCCTGGAAT-1,1.0
392,d2_5-atac-TGCATTTGTCGAGGTA-1,0.41
393,d2_5-atac-GAGGATGAGTGATATG-1,0.0
394,d2_5-atac-GCCAGCAAGGAGTACC-1,0.77
395,d2_5-atac-CATTCCGCAGTCCTGG-1,1.0
396,d2_5-atac-GAAAGTATCAGCACGC-1,0.0
397,d2_5-atac-AAGATAGAGGCACCTC-1,1.0
398,d2_5-atac-AGGCGAATCCATAACG-1,1.0
399,d2_5-atac-CACAACACAACGGACA-1,1.0
400,d2_5-atac-TGGAAGGAGAGCTACG-1,1.0
401,d2_5-atac-GAAGTCTAGTACCACT-1,0.0
402,d2_5-atac-CGCAGGTCAATGGCAG-1,1.0
403,d2_5-atac-AATACGCAGACACAAT-1,1.0
404,d2_5-atac-ACCGGGTAGCCTTTGA-1,1.0
405,d2_5-atac-CGTAAACTCAACACGT-1,0.0
406,d2_5-atac-GAATCTGCAAAGCATA-1,1.0
407,d2_5-atac-ACATGGTTCGTGATAC-1,1.0
408,d2_5-atac-GCTCAGGCAGGGCTTC-1,1.0
409,d2_5-atac-TGATCAGGTCATTGCA-1,1.0
410,d2_5-atac-AAGGTTCCACTCGCAG-1,0.0
411,d2_5-atac-CTAGGATAGCATGTGG-1,1.0
412,d2_5-atac-AATACGCCAACATAAG-1,0.0
413,d2_5-atac-TTGCTTAGTTAACCGT-1,0.0
414,d2_5-atac-CATTCATTCCCTATTA-1,1.0
415,d2_5-atac-TCACAAGAGGCTTTAC-1,1.0
416,d2_5-atac-ACAAACCGTTAACCAC-1,0.0
417,d2_5-atac-TTACGGACATGCGTTA-1,0.0
418,d2_5-atac-TAGTCCCCACAACGGA-1,1.0
419,d2_5-atac-CCTATTACACCTGAAT-1,1.0
420,d2_5-atac-TATCTGTTCACTGGTA-1,1.0
421,d2_5-atac-CCAATGACACTCCCAT-1,1.0
422,d2_5-atac-GCTTTCGAGCGTCTGC-1,1.0
423,d2_5-atac-GCGATCGGTTGCCTGG-1,1.0
424,d2_5-atac-GAAACAATCTATCCTA-1,0.0
425,d2_5-atac-TCCCACATCGCACCGA-1,0.02
426,d2_5-atac-CAACGGCGTGCGTTTA-1,0.0
427,d2_5-atac-CTCACCACATGCACTA-1,1.0
428,d2_5-atac-TTTGTGTAGTGTCGCC-1,1.0
429,d2_5-atac-TTCGATTAGAGTTCGG-1,1.0
430,d2_5-atac-ACAAGCTAGGAAGACA-1,1.0
431,d2_5-atac-GTAATCGTCCCGCAAG-1,0.07
432,d2_5-atac-TGGCCTTCATTTGGTG-1,1.0
433,d2_5-atac-CAATCCCGTTTCAGCA-1,1.0
434,d2_5-atac-AACTGGTCAGAATGCG-1,1.0
435,d2_5-atac-TAGCCCTTCGCAACTA-1,1.0
436,d2_5-atac-GCCAGACCATCAGCTA-1,1.0
437,d2_5-atac-GAAGTCTAGTACGACG-1,1.0
438,d2_5-atac-CTAACTTAGGGCTCTC-1,1.0
439,d2_5-atac-GCATGATCATCGTACA-1,0.3
440,d2_5-atac-AGTTTGGCAACGGGTA-1,0.53
441,d2_5-atac-GCAGCTGTCTTCTCTC-1,1.0
442,d2_5-atac-GTTACTTCATCAGAAA-1,1.0
443,d2_5-atac-TCCGACTCAATACTGC-1,1.0
444,d2_5-atac-ACTACCCGTTCAGTTG-1,0.66
445,d2_5-atac-ACTATTCCAGGACCTC-1,1.0
446,d2_5-atac-AAAGGATCATTCCCGT-1,0.0
447,d2_5-atac-TGAATCGCACCTGAAT-1,1.0
448,d2_5-atac-TCAGTTTCACCGTTGG-1,0.0
449,d2_5-atac-CAGTGTAAGAGGAACA-1,1.0
450,d2_5-atac-GGCATTACAAAGAGAG-1,0.0
451,d2_5-atac-TGTGACAAGCTCGGCT-1,1.0
452,d2_5-atac-CGCTATCTCCAACCTC-1,1.0
453,d2_5-atac-TAAACCGAGCGAGAAA-1,0.0
454,d2_5-atac-GCCCGAACAACAAACA-1,1.0
455,d2_5-atac-TTGGTCCAGAAGCCTG-1,1.0
456,d2_5-atac-TGTTAGGTCCGATTGA-1,1.0
457,d2_5-atac-GATCATGCAGTAGTCT-1,1.0
458,d2_5-atac-TGCCTGTAGTTACACC-1,0.99
459,d2_5-atac-TTGTTGTCAGGAGCAT-1,1.0
460,d2_5-atac-CTCTCGATCCTCATTA-1,1.0
461,d2_5-atac-CCGTACTCAGGTGTGA-1,1.0
462,d2_5-atac-TTGCGAAAGAATACTG-1,0.0
463,d2_5-atac-TCCGACTTCTTACTCA-1,1.0
464,d2_5-atac-TCTCAGCAGCAACGGT-1,1.0
465,d2_5-atac-CTAGCGGTCTTGGCCT-1,0.0
466,d2_5-atac-GTGTGATTCGGGAAAC-1,1.0
467,d2_5-atac-TTACGGAGTACGTAGG-1,0.54
468,d2_5-atac-CATTGGATCTTCACTA-1,0.75
469,d2_5-atac-CTGGCAGAGCTTACCA-1,0.82
470,d2_5-atac-ACATGGTCATTATGGC-1,0.0
471,d2_5-atac-GGGTCTGGTTACACTG-1,0.99
472,d2_5-atac-TCAGCTCAGTGTGTAA-1,1.0
473,d2_5-atac-CTACTTAGTTCTGAAC-1,0.0
474,d2_5-atac-GATTAGCCATGTATCG-1,1.0
475,d2_5-atac-CACAGATTCCCAGCGA-1,0.0
476,d2_5-atac-TTAACGGCAAGGAACC-1,0.23
477,d2_5-atac-GCGAGAATCTGACATG-1,1.0
478,d2_5-atac-AACCAACTCCTTTGAT-1,1.0
479,d2_5-atac-AAGATAGCACTAGCCG-1,1.0
480,d2_5-atac-GAATCTGGTCCGTCGA-1,1.0
481,d2_5-atac-TACATGGTCAAGAGGC-1,1.0
482,d2_5-atac-GGGTTATGTGACAAGC-1,1.0
483,d2_5-atac-CGTACAAAGGAAGGTA-1,1.0
484,d2_5-atac-CGGACTGTCTGCTACC-1,1.0
485,d2_5-atac-ACCGAATGTGATGCTT-1,0.0
486,d2_5-atac-TCTATTGAGCTAACAA-1,1.0
487,d2_5-atac-AGCTATGGTCAGAAAT-1,1.0
488,d2_5-atac-CAAGAAACAGCTTACA-1,1.0
489,d2_5-atac-CTCAGCTCAGCTTACA-1,1.0
490,d2_5-atac-ACCCAAAAGTCCCTCT-1,1.0
491,d2_5-atac-AAAGGGCTCTCTCAAT-1,1.0
492,d2_5-atac-ACCTGCTGTGGTAAGC-1,0.0
493,d2_5-atac-AAAGGGCAGCTGAGGT-1,1.0
494,d2_5-atac-CCTAAAGCAAGGAAGA-1,1.0
495,d2_5-atac-TCCAGAAAGTGCCCTG-1,0.0
496,d2_5-atac-TCGCAGGAGAAGCCTG-1,0.0
497,d2_5-atac-CCAGAATAGAAGACTT-1,1.0
498,d2_5-atac-CATGTTTTCTGTTTAC-1,1.0
499,d2_5-atac-ACAGCGCAGGTTTCTG-1,1.0
500,d2_5-atac-GGACACCTCTCCTTAA-1,0.0
501,d2_5-atac-ATCCTGCTCAGGATCT-1,1.0
502,d2_5-atac-GGCACGTCAACCTCTC-1,0.0
503,d2_5-atac-ATTGTCTTCCATAACG-1,1.0
504,d2_5-atac-GGAACTTAGTGAAGGA-1,1.0
505,d2_5-atac-TACATTCTCCTCCAGT-1,0.99
506,d2_5-atac-CTGCTCAGTAACATAG-1,0.99
507,d2_5-atac-TGATTTCGTTAGGCTT-1,0.0
508,d2_5-atac-TTGACGAGTTAAGGGC-1,1.0
509,d2_5-atac-GTTATGGGTAACACTC-1,1.0
510,d2_5-atac-CCCTGATTCCGTTTCG-1,1.0
511,d2_5-atac-GCTTAAGGTGGATTCT-1,1.0
512,d2_5-atac-ATAGGCTGTATTGTCG-1,0.0
513,d2_5-atac-AGCTGATCAATTGGCT-1,1.0
514,d2_5-atac-CCAGAATTCCACTAGA-1,0.69
515,d2_5-atac-CAGGGCTAGGTAAGCC-1,1.0
516,d2_5-atac-AATGCCAGTTCTTTGT-1,1.0
517,d2_5-atac-CCCTAGTCAGTTGCAT-1,1.0
518,d2_5-atac-TATGTGGGTCTGTTGA-1,0.23
519,d2_5-atac-TTAGGTGAGCGAGCTA-1,0.0
520,d2_5-atac-CCTGCTACATACTGCA-1,1.0
521,d2_5-atac-GTTACTTCACTCGCAG-1,0.0
522,d2_5-atac-AGCCGCATCTCTTCCT-1,0.15
523,d2_5-atac-AGTTACGGTGTTGGTT-1,1.0
524,d2_5-atac-CTCATGCCATCCGTGG-1,0.0
525,d2_5-atac-TGCACCTGTTCCAGTA-1,1.0
526,d2_5-atac-CTGCTCAAGTTCCCGG-1,1.0
527,d2_5-atac-AGCCTGGTCTTAAGCG-1,1.0
528,d2_5-atac-GACCCAGCACTCAGCG-1,0.0
529,d2_5-atac-TACCTATCAAGCCAGA-1,1.0
530,d2_5-atac-TTGTCTAAGTATACGA-1,1.0
531,d2_5-atac-TTCGTTACAGTTACAC-1,1.0
532,d2_5-atac-AAATGAGTCCAGCACG-1,0.0
533,d2_5-atac-CGGACTGGTCTGCGCA-1,1.0
534,d2_5-atac-TTGTTGTCACGGTTAT-1,1.0
535,d2_5-atac-CTTGAAGCAGGTCTGC-1,0.0
536,d2_5-atac-AAACTGCCATGGGACA-1,0.0
537,d2_5-atac-TCAAAGCTCAAGAGGC-1,1.0
538,d2_5-atac-AGTTTGGGTGATAACA-1,1.0
539,d2_5-atac-CACTGAAGTGCTGGCT-1,0.86
540,d2_5-atac-TCACTCGGTGAAACAT-1,0.14
541,d2_5-atac-TCCAGAATCTCCACTG-1,1.0
542,d2_5-atac-GTAGACTGTTGGACGA-1,1.0
543,d2_5-atac-GCAGCCATCAGTCAAC-1,0.0
544,d2_5-atac-CACCTGTCATGCTATG-1,1.0
545,d2_5-atac-CTCTAGCCACCGTTGG-1,0.0
546,d2_5-atac-GAACTTGCACGTTAGT-1,1.0
547,d2_5-atac-ATTGTCTGTTTCAGCA-1,1.0
548,d2_5-atac-GCCATAACATCGCCTT-1,1.0
549,d2_5-atac-AGCCTCTCATCGTGAT-1,0.02
550,d2_5-atac-GTAATCGGTTCCTATT-1,1.0
551,d2_5-atac-CAACGTATCGCGTGAC-1,1.0
552,d2_5-atac-CTCAGCTAGATTAGAC-1,1.0
553,d2_5-atac-AAACTCGGTAATGTGA-1,1.0
554,d2_5-atac-TGATTTCGTCTCGGGT-1,1.0
555,d2_5-atac-CCAGATACATATTGGC-1,1.0
556,d2_5-atac-AGTTTGGGTTATGCAC-1,1.0
557,d2_5-atac-TGGTCAAGTCTGTGTA-1,1.0
558,d2_5-atac-AAACTGCGTTTAGACC-1,1.0
559,d2_5-atac-AAAGATGTCGGATCGC-1,1.0
560,d2_5-atac-TTGCTTAGTAATGTGA-1,1.0
561,d2_5-atac-CCAGATAGTGCCCTAG-1,0.0
562,d2_5-atac-GGCATTAAGAGAGGTA-1,1.0
563,d2_5-atac-TACCTATAGGAGACTC-1,1.0
564,d2_5-atac-GTTGGGCAGGAAGGTA-1,0.0
565,d2_5-atac-TGGACATTCTCTTCTC-1,1.0
566,d2_5-atac-TGTACAGCATAGTCCA-1,0.0
567,d2_5-atac-TTCGATTTCTTCACTA-1,1.0
568,d2_5-atac-CATAACGCATTCTTTG-1,0.0
569,d2_5-atac-CAGCTGGAGACAGTGC-1,0.4
570,d2_5-atac-AGCCCGACAAGGAGGG-1,1.0
571,d2_5-atac-GACTAACTCGTCTTAT-1,1.0
572,d2_5-atac-GATTAGCGTTACTACG-1,1.0
573,d2_5-atac-AATGCCAGTCCTTCAC-1,1.0
574,d2_5-atac-TCCCACAGTTTCCACC-1,0.0
575,d2_5-atac-GAGGCTCAGTCGACCC-1,0.0
576,d2_5-atac-TAAGTGCTCGGAGTTT-1,1.0
577,d2_5-atac-TTATGTCCAAATTCCG-1,1.0
578,d2_5-atac-CCCTAGTGTTTAGACC-1,0.0
579,d2_5-atac-TTCAACTTCCCAGCAG-1,1.0
580,d2_5-atac-TTAGGTGTCAATTCCT-1,1.0
581,d2_5-atac-CTTGAAGGTCCAGACC-1,0.06
582,d2_5-atac-TTACGGAAGTCTAGAA-1,1.0
583,d2_5-atac-TGTAGCAAGTACCTCA-1,1.0
584,d2_5-atac-AACCTGAGTCAGACGA-1,1.0
585,d2_5-atac-GGTGCTGTCTGGACAT-1,1.0
586,d2_5-atac-CCGTAGGCACCTCGTT-1,1.0
587,d2_5-atac-GGTAGGACACACATGT-1,1.0
588,d2_5-atac-AGGCGAACACTGATTG-1,0.42
589,d2_5-atac-ACGTTAGCAGAAGTGC-1,1.0
590,d2_5-atac-AGCCAGCTCCACTAGA-1,1.0
591,d2_5-atac-GCTTAAGTCTGGCGCA-1,0.0
592,d2_5-atac-AGCTGTAAGGATTGCG-1,0.93
593,d2_5-atac-ACTAGGTGTATTCACG-1,1.0
594,d2_5-atac-TCTATTGGTAAACGGC-1,1.0
595,d2_5-atac-CGAGTTATCGCATACA-1,1.0
596,d2_5-atac-CTCACCATCGACGGAA-1,0.0
597,d2_5-atac-TCACAAGGTCCAGACC-1,1.0
598,d2_5-atac-TGCTCGTGTGAATACA-1,1.0
599,d2_5-atac-CTGTTCGTCCATCTAT-1,0.0
600,d2_5-atac-CCCTGATAGAGACTCG-1,1.0
601,d2_5-atac-ACGGATTCACCGATCG-1,0.86
602,d2_5-atac-AAAGATGAGTCGGGAT-1,1.0
603,d2_5-atac-ACAAAGACAAATTGAG-1,1.0
604,d2_5-atac-CACTGAAGTGCAACAG-1,0.0
605,d2_5-atac-AGGCGTCCAATGCCAT-1,1.0
606,d2_5-atac-ACTTCCGAGCATGTGG-1,1.0
607,d2_5-atac-AGTCAACTCCGAGGAA-1,1.0
608,d2_5-atac-CAATCCCAGATGGGAA-1,1.0
609,d2_5-atac-GCAGCTGCATTCACCC-1,1.0
610,d2_5-atac-TTACGGAAGGTACACG-1,0.0
611,d2_5-atac-ATTGTCTCATTGCCTC-1,1.0
612,d2_5-atac-GCTTAAGTCCACACCT-1,0.41
613,d2_5-atac-ACCAAACCACAGCTTA-1,0.0
614,d2_5-atac-TTGAGCATCGCCTTAC-1,1.0
615,d2_5-atac-CGCACAGAGGTAGGCT-1,1.0
616,d2_5-atac-GTCTACCGTAGAACGC-1,1.0
617,d2_5-atac-CGTTCCATCCAGGCCA-1,0.94
618,d2_5-atac-AGTTTGGAGTCGATAA-1,1.0
619,d2_5-atac-ATAGTCGCAACTGCGC-1,0.94
620,d2_5-atac-ATTGTCTTCACGTGTA-1,1.0
621,d2_5-atac-TGAGCCGCAATGCATC-1,1.0
622,d2_5-atac-GATGGCCTCAGTGTGT-1,0.0
623,d2_5-atac-GCCATAAAGTTGCCGC-1,1.0
624,d2_5-atac-AGCCAGCGTCATGAGG-1,0.0
625,d2_5-atac-AGGCGAATCACACGTA-1,1.0
626,d2_5-atac-CCCACATCACCTGGTG-1,1.0
627,d2_5-atac-CAGTATGAGGTACATA-1,0.0
628,d2_5-atac-GCTCACTAGAAATTCG-1,1.0
629,d2_5-atac-CCACAGGGTATCATGC-1,1.0
630,d2_5-atac-TACGCAAAGTATAGTG-1,0.0
631,d2_5-atac-TTACCCGAGTCCCGCA-1,1.0
632,d2_5-atac-GTAGGAGAGATTAGAC-1,1.0
633,d2_5-atac-TGATCAGCAAGCCAGA-1,0.99
634,d2_5-atac-TAGCATGCACCCTTTG-1,1.0
635,d2_5-atac-GTGGCGTAGTCCGATT-1,0.0
636,d2_5-atac-GCTTGCTGTCCAAGAG-1,0.0
637,d2_5-atac-AACCAACGTTATCGAC-1,1.0
638,d2_5-atac-AAACTGCGTGTCTACA-1,1.0
639,d2_5-atac-TAGGAGGAGTACGCGA-1,0.35
640,d2_5-atac-TTGCTTATCTAGCAAC-1,1.0
641,d2_5-atac-TCACAGACATTCTCGC-1,1.0
642,d2_5-atac-CACTGAAGTCAGTGCC-1,1.0
643,d2_5-atac-GAGATTCAGTATGCTC-1,0.0
644,d2_5-atac-TCAAGCAAGCTGATTC-1,0.0
645,d2_5-atac-AAATGCCTCAAGGCAG-1,0.0
646,d2_5-atac-TACTAGGAGATGTTCC-1,0.0
647,d2_5-atac-CGTGGCAAGTGTCCCG-1,1.0
648,d2_5-atac-TAGCCGGGTTTAGACC-1,0.46
649,d2_5-atac-TCGCCTAGTGTGACCC-1,0.08
650,d2_5-atac-CCTTGGTAGAGAGTTT-1,0.0
651,d2_5-atac-CTCAGAAGTTCAGTAC-1,0.0
652,d2_5-atac-TGGGTTAAGTAACTCC-1,0.04
653,d2_5-atac-GCGATCGAGCGTGTTT-1,1.0
654,d2_5-atac-GATTAGCTCTACCCGT-1,1.0
655,d2_5-atac-TCACCTGGTGCTTTGA-1,1.0
656,d2_5-atac-TTACTTGCAAGGAAGA-1,1.0
657,d2_5-atac-GAGCGCTGTTACGCTA-1,1.0
658,d2_5-atac-TGGTCCTCATGGTAAA-1,1.0
659,d2_5-atac-AGCTATGGTGAATCAA-1,1.0
660,d2_5-atac-TTGAGTGAGTTGAATG-1,1.0
661,d2_5-atac-GCATTCCAGAGCGAAA-1,1.0
662,d2_5-atac-TATCTGTTCAAGTTGC-1,1.0
663,d2_5-atac-CTTGCTGAGTTCCCGG-1,0.0
664,d2_5-atac-ACCGAATAGATTCCGT-1,1.0
665,d2_5-atac-GCCAGACGTACTTGAC-1,0.0
666,d2_5-atac-ATCCTGCCATCTGCAA-1,1.0
667,d2_5-atac-AACATCGCATCCCGGA-1,0.94
668,d2_5-atac-TGCCTCAGTCATAGAA-1,1.0
669,d2_5-atac-CACCTTGGTAGGTCTT-1,0.0
670,d2_5-atac-ACCCAAAAGCGAGAAA-1,1.0
671,d2_5-atac-CTACTTATCTCCTTAA-1,1.0
672,d2_5-atac-ACCGCAGCAGAACTTC-1,1.0
673,d2_5-atac-ACTGCAAAGCTAGTTC-1,1.0
674,d2_5-atac-TAGCACAAGGACTTTC-1,1.0
675,d2_5-atac-AACCAACCATTGTTCT-1,0.93
676,d2_5-atac-CTACTTACATAGACGG-1,1.0
677,d2_5-atac-TTCTAACAGGGATCCA-1,0.0
678,d2_5-atac-TTACTCATCTCTCAAT-1,1.0
679,d2_5-atac-GAACCGCCAAGACACG-1,1.0
680,d2_5-atac-TTGACGAAGTTCAAGA-1,0.0
681,d2_5-atac-ACTACGATCCCGTATC-1,1.0
682,d2_5-atac-TCAGTCCTCTACTTTG-1,0.83
683,d2_5-atac-CCCTCTCAGTCTGGGA-1,1.0
684,d2_5-atac-GTTATTCCAGGTGTCC-1,1.0
685,d2_5-atac-ACTAACGTCAGGTCTA-1,1.0
686,d2_5-atac-TTTACGTCAGGTGTGA-1,0.0
687,d2_5-atac-CATTGGAGTATGCTAC-1,1.0
688,d2_5-atac-CTCAGAACATCGAGTT-1,0.17
689,d2_5-atac-ACCAAACGTAGGTCTT-1,0.0
690,d2_5-atac-TAAGCCATCGTCAACA-1,1.0
691,d2_5-atac-AAAGGATGTGATTCCA-1,1.0
692,d2_5-atac-CTCTACGTCGAGAAGC-1,1.0
693,d2_5-atac-ATGTTTCAGTCCTTCC-1,1.0
694,d2_5-atac-GTTATTCTCTGAACGT-1,1.0
695,d2_5-atac-GCAGCTGGTTAGCTCA-1,1.0
696,d2_5-atac-CTAGGGCGTGGATTTC-1,0.0
697,d2_5-atac-GCTTAAGTCAAAGTAG-1,1.0
698,d2_5-atac-TATGTTCCACAAACAA-1,1.0
699,d2_5-atac-TCTCAGCTCCCGAAGC-1,1.0
700,d2_5-atac-GGAATCTCAAATTCCG-1,1.0
701,d2_5-atac-AGTCAACAGTAGTGTA-1,0.0
702,d2_5-atac-TGGCAATTCACTGATG-1,1.0
703,d2_5-atac-TTAGGTGTCCATTGTT-1,0.0
704,d2_5-atac-CACATGATCGAAGCCC-1,1.0
705,d2_5-atac-TCACTCGTCACGTCAA-1,1.0
706,d2_5-atac-TAGGAGGCACACACCG-1,0.11
707,d2_5-atac-TTTGAGGGTGCGTAGA-1,1.0
708,d2_5-atac-GAAAGTAGTGTACGCC-1,0.0
709,d2_5-atac-ACTGCAAGTACAAATG-1,1.0
710,d2_5-atac-CGTAAACAGGCTCAGA-1,0.0
711,d2_5-atac-TGCTATTCATGCGACC-1,1.0
712,d2_5-atac-TTGCGAATCAACGTGT-1,1.0
713,d2_5-atac-GATTAGCAGTAGCAAT-1,1.0
714,d2_5-atac-ACTACGACAATAGTGA-1,1.0
715,d2_5-atac-CCGAAGCGTGGTACTT-1,1.0
716,d2_5-atac-GCATGATAGGCTTCGC-1,1.0
717,d2_5-atac-TTTGGCCAGGTAAGCC-1,1.0
718,d2_5-atac-TAGCGGCTCCGAGGAA-1,1.0
719,d2_5-atac-TAGGTGTCACCCTTTG-1,0.0
720,d2_5-atac-CAAGGCCTCTATCTCA-1,0.99
721,d2_5-atac-CAGGGCTCAGCAACGA-1,0.02
722,d2_5-atac-GTAATCGAGTCGATAA-1,1.0
723,d2_5-atac-ATGGATCAGTCGATAA-1,1.0
724,d2_5-atac-GGAACCCCACTTTGGA-1,1.0
725,d2_5-atac-CTAGCGGTCTTAGTGG-1,1.0
726,d2_5-atac-CACATGACATATTGGC-1,1.0
727,d2_5-atac-GGTCATACAGAACTTC-1,0.0
728,d2_5-atac-CTGTATTCACAGTTCA-1,0.0
729,d2_5-atac-CACAACAAGGTTGACG-1,1.0
730,d2_5-atac-GCACCTTTCATGCTTT-1,1.0
731,d2_5-atac-TCGATTTTCAAACCCA-1,0.0
732,d2_5-atac-CTAGGGCCAGGGTACA-1,1.0
733,d2_5-atac-TGCCTGTCATCGCTAA-1,1.0
734,d2_5-atac-GCTTGCTGTATGCTAC-1,1.0
735,d2_5-atac-CGTACAAAGGTACATA-1,0.0
736,d2_5-atac-TGTGGCGCATACTGCA-1,0.99
737,d2_5-atac-GCGAGTCTCCATAGGT-1,1.0
738,d2_5-atac-AACCGATCAGGTGTCC-1,1.0
739,d2_5-atac-CGCTAGGTCCCAATAG-1,1.0
740,d2_5-atac-TGTAGCACATTAGCAC-1,1.0
741,d2_5-atac-TGTGGCGCATCGGCTG-1,0.02
742,d2_5-atac-GAACCTAGTAACGTAA-1,0.97
743,d2_5-atac-CCGAAGCGTAGTACAA-1,1.0
744,d2_5-atac-AACGGGACAGGCATCC-1,1.0
745,d2_5-atac-CTGCGTTGTCCAAGTT-1,1.0
746,d2_5-atac-CGCACAGGTTTGACCA-1,1.0
747,d2_5-atac-TACTGCCCAGCCACGT-1,1.0
748,d2_5-atac-CTAGGGCGTAGTTTGC-1,1.0
749,d2_5-atac-CAACGTACAGTTCGGC-1,0.0
750,d2_5-atac-CCAGAATGTGAGCTAG-1,1.0
751,d2_5-atac-CCTGCTACACAGTTCA-1,1.0
752,d2_5-atac-ATCCAGAGTTTGCCCT-1,0.0
753,d2_5-atac-TTCTAACTCTAGTCGA-1,1.0
754,d2_5-atac-TGAATCGAGGCAGATC-1,0.0
755,d2_5-atac-CCGTAGGCATGATCGT-1,1.0
756,d2_5-atac-GAACCGCTCTAGCAGT-1,1.0
757,d2_5-atac-GGTGTCGTCGCTATAG-1,1.0
758,d2_5-atac-TGCCTCACACATTCTT-1,1.0
759,d2_5-atac-GCGATTAGTAATGTGA-1,1.0
760,d2_5-atac-CTTGAAGTCTAGTCGA-1,1.0
761,d2_5-atac-GTAGTACTCCGAGAGA-1,1.0
762,d2_5-atac-TTGCACCCAGGAGCAT-1,1.0
763,d2_5-atac-TGCACCTTCTGTGTCC-1,1.0
764,d2_5-atac-GTTCAAGTCCCGGGTA-1,1.0
765,d2_5-atac-AGCTATGGTGGACTGA-1,1.0
766,d2_5-atac-TCTATTGTCCCTACGT-1,1.0
767,d2_5-atac-ATTGTCTGTCTAAAGA-1,0.0
768,d2_5-atac-TCTATTGTCACATTCT-1,0.86
769,d2_5-atac-TAAGCCAAGGGTTCTT-1,1.0
770,d2_5-atac-AGCCTCTCATGCGCTG-1,1.0
771,d2_5-atac-TAAACCGCACGTTGTA-1,0.0
772,d2_5-atac-AGATTCGGTGAGAGTC-1,0.0
773,d2_5-atac-AGCCTTCAGACTTGAA-1,1.0
774,d2_5-atac-CAGTGCGAGATTACGA-1,1.0
775,d2_5-atac-ATTTGTCCACGTGAAG-1,1.0
776,d2_5-atac-GTTATGGGTATGGATA-1,0.69
777,d2_5-atac-CAGTGCGAGGAGTACC-1,0.0
778,d2_5-atac-AGCGATTGTCCGAGCT-1,0.0
779,d2_5-atac-GCCAGCACACATGATC-1,1.0
780,d2_5-atac-TCTAGTTTCGACTCGG-1,1.0
781,d2_5-atac-TTGCAGACAGTTGCAT-1,1.0
782,d2_5-atac-CCGTAGGGTATGTTCG-1,1.0
783,d2_5-atac-CAGTGTACAGGTGTGA-1,0.0
784,d2_5-atac-CACCACTTCTCGACCT-1,0.0
785,d2_5-atac-TGCCTGTTCGAGCGCT-1,1.0
786,d2_5-atac-ACTACCCGTGGACCAA-1,0.0
787,d2_5-atac-GTTACTTGTCCCGAGT-1,1.0
788,d2_5-atac-TACTCGCCACTGTCGG-1,1.0
789,d2_5-atac-ATCCAGAGTGCTGTGC-1,1.0
790,d2_5-atac-CTTGAAGAGTAACTCC-1,0.0
791,d2_5-atac-TGATTTCTCGTCTAGA-1,0.0
792,d2_5-atac-AGCCCGAGTTACGAAA-1,1.0
793,d2_5-atac-CTCAGAAGTACTTCGA-1,1.0
794,d2_5-atac-AGTCCGGGTCCCGTGA-1,0.0
795,d2_5-atac-AAAGATGAGTGATTAG-1,1.0
796,d2_5-atac-CTTCCAGCATTAGCCA-1,1.0
797,d2_5-atac-GCATTCCCACCGATCG-1,0.0
798,d2_5-atac-GCAACCGTCCCATAGA-1,1.0
799,d2_5-atac-GGAACTTAGCTGAATA-1,0.0
800,d2_5-atac-TCGGGACAGAGCACTG-1,1.0
801,d2_5-atac-AACGAGGAGCGGACTA-1,1.0
802,d2_5-atac-GTTGGGCCATAGACGG-1,0.0
803,d2_5-atac-CTACTTACATGGCCGT-1,1.0
804,d2_5-atac-GTGCTGGAGGAAACTT-1,1.0
805,d2_5-atac-GGTGCTGCAAATTGAG-1,1.0
806,d2_5-atac-AGGCGTCAGCTTTCCC-1,1.0
807,d2_5-atac-CGGACTGTCCGATTGA-1,1.0
808,d2_5-atac-CACCACTAGGCAGATC-1,1.0
809,d2_5-atac-GACCGACTCGTGCTTC-1,1.0
810,d2_5-atac-TGGACATAGATTGACA-1,1.0
811,d2_5-atac-CCATACCTCACACGTA-1,0.0
812,d2_5-atac-GACTAGTAGGACTAGC-1,1.0
813,d2_5-atac-TATCGAGAGAGAATTC-1,1.0
814,d2_5-atac-AACAAAGTCCCGTAGG-1,0.0
815,d2_5-atac-AGTGCGCAGTGTAATG-1,0.0
816,d2_5-atac-CTCAGAAAGGCTGGAT-1,0.99
817,d2_5-atac-CTGGCAGCATGCCTTC-1,1.0
818,d2_5-atac-TCACCACAGCGAGCTA-1,1.0
819,d2_5-atac-GGCGAAAAGGATGTAT-1,1.0
820,d2_5-atac-GGAACTTGTAGACGCA-1,1.0
821,d2_5-atac-GTCACGGGTGCGCATC-1,1.0
822,d2_5-atac-CCATACCCAGAACAGC-1,1.0
823,d2_5-atac-AGTCAACAGACCGCAA-1,1.0
824,d2_5-atac-CCAGATACAACGACAG-1,0.0
825,d2_5-atac-TACAGCAGTTTGCCCT-1,0.0
826,d2_5-atac-TACTAGGGTGCGCTCA-1,1.0
827,d2_5-atac-CCGCATTCACCGTCTT-1,1.0
828,d2_5-atac-CACATGACAAGAAACT-1,1.0
829,d2_5-atac-TGACAACCAGCCGAAA-1,1.0
830,d2_5-atac-CAGTATGCAGCGTAGA-1,1.0
831,d2_5-atac-TTACTTGTCGAGGCTC-1,1.0
832,d2_5-atac-ACTGCAACAAGATTAG-1,1.0
833,d2_5-atac-TGCTATTCAATGCATC-1,1.0
834,d2_5-atac-CAACCAACAGGTTATC-1,1.0
835,d2_5-atac-CTAGGGCTCCGCTCTA-1,1.0
836,d2_5-atac-CGTGGCAAGTGGGACT-1,1.0
837,d2_5-atac-GGAGAACCAAGTTCGT-1,1.0
838,d2_5-atac-GGTAGGACACTGATAC-1,1.0
839,d2_5-atac-TCAGTCCTCGCCGAAC-1,1.0
840,d2_5-atac-GCCCGAAAGACAGCTG-1,0.0
841,d2_5-atac-TCCAGAAAGTCGATAA-1,0.0
842,d2_5-atac-CATTCATAGGCCTCGT-1,1.0
843,d2_5-atac-TGACAACGTGAGTCGA-1,1.0
844,d2_5-atac-TAGCCGGCAATACTGC-1,0.0
845,d2_5-atac-TGGAAGGGTGCTGAAG-1,0.0
846,d2_5-atac-TGGGTGCAGCAACGGT-1,1.0
847,d2_5-atac-ATGTACGAGTAACATG-1,1.0
848,d2_5-atac-CTCAGAACACGATATC-1,0.0
849,d2_5-atac-TACTCGCAGTTCGTTG-1,1.0
850,d2_5-atac-ACATGCACAAGACACG-1,1.0
851,d2_5-atac-CTGTTCGCACACATTG-1,0.0
852,d2_5-atac-ATGCATGTCACACGTA-1,1.0
853,d2_5-atac-CAAGAAATCATACTTC-1,0.0
854,d2_5-atac-TTGCTTAGTTAGTAGA-1,1.0
855,d2_5-atac-GCAGCTGCACCGTCTT-1,1.0
856,d2_5-atac-TCTATTGAGTACAGTA-1,1.0
857,d2_5-atac-AAGATAGGTTCCCAAA-1,0.0
858,d2_5-atac-CCGAAGCAGTGCAACG-1,1.0
859,d2_5-atac-TCTCTGGCAAGGTTCT-1,1.0
860,d2_5-atac-GCTCGAGGTGCGACCT-1,0.0
861,d2_5-atac-CGCTAGGAGGTACACG-1,1.0
862,d2_5-atac-ACTGCGGAGCATGATA-1,1.0
863,d2_5-atac-ATCCCTGCACAGCCAC-1,0.0
864,d2_5-atac-TGAGTCACATGGCCGT-1,1.0
865,d2_5-atac-TTGACGATCCAACCTC-1,1.0
866,d2_5-atac-CTTCTAATCCCGTATC-1,1.0
867,d2_5-atac-CTCAACCAGACTAGCG-1,0.0
868,d2_5-atac-ACCGCAGGTCCGCTTT-1,0.0
869,d2_5-atac-GAGCATTCAAGGATGC-1,1.0
870,d2_5-atac-GGGTCTGTCGAGGTCC-1,0.0
871,d2_5-atac-GAGGCTCGTGTGTGCC-1,1.0
872,d2_5-atac-TTGGTCCTCAGTAGTC-1,1.0
873,d2_5-atac-ATCCCTGCAGGATGTG-1,1.0
874,d2_5-atac-ATCCTCGTCCGTTAGA-1,1.0
875,d2_5-atac-GTGACATTCGGGATCC-1,1.0
876,d2_5-atac-CTCCCAAGTGCGTGTC-1,1.0
877,d2_5-atac-TTGCGGGTCGACTTAG-1,1.0
878,d2_5-atac-GCAGCCACAATGCCAT-1,1.0
879,d2_5-atac-CGCTATCTCGCCGAAC-1,1.0
880,d2_5-atac-TTGTCTAGTCACTCTC-1,1.0
881,d2_5-atac-AATACGCAGCCTGGTC-1,1.0
882,d2_5-atac-TGCTATTTCCGAATTG-1,1.0
883,d2_5-atac-TGACAACCAGAGATGC-1,1.0
884,d2_5-atac-AGCTATGTCCGAATTG-1,1.0
885,d2_5-atac-CTTGCCAGTGAATACA-1,0.0
886,d2_5-atac-AGCTGGCCACGTTGTA-1,0.0
887,d2_5-atac-TTACCGCTCTGGAAGG-1,1.0
888,d2_5-atac-TGCTTTACAAGGAGTC-1,1.0
889,d2_5-atac-TAACTTCTCGCGTGAC-1,1.0
890,d2_5-atac-GAGACTTGTGTGAGGT-1,1.0
891,d2_5-atac-GTAGACTAGGTCGGTA-1,0.0
892,d2_5-atac-CCTATTACACGCGATC-1,1.0
893,d2_5-atac-TTGCACCAGATGAGGA-1,1.0
894,d2_5-atac-TAACTTCAGACGAAAG-1,1.0
895,d2_5-atac-CGGACTGCACTGTCAA-1,1.0
896,d2_5-atac-GATTGACAGAACTAAC-1,1.0
897,d2_5-atac-CTGAATGCACGCGACT-1,1.0
898,d2_5-atac-CACCACTAGCAAGGTC-1,1.0
899,d2_5-atac-TTGGTCCTCCACTAGA-1,1.0
900,d2_5-atac-TGAGCCGAGCTGAATA-1,1.0
901,d2_5-atac-GTGCCAGCAAGGAGTC-1,1.0
902,d2_5-atac-GGTGCTGAGTACGACG-1,0.0
903,d2_5-atac-CCTTGCAAGGACCGAT-1,1.0
904,d2_5-atac-TTTGGCCGTGGCATAG-1,0.0
905,d2_5-atac-ATCCAGACACGGTGTC-1,1.0
906,d2_5-atac-CGGACTGCACGCGACT-1,1.0
907,d2_5-atac-AGCCGCACAAACCCTA-1,1.0
908,d2_5-atac-CAGCTGGTCGATAGTC-1,0.0
909,d2_5-atac-AACTGGTAGCGGACAT-1,1.0
910,d2_5-atac-CTGGGACTCGTGGGTC-1,1.0
911,d2_5-atac-ACCGGGTCAACTCCCT-1,1.0
912,d2_5-atac-GTACTTTTCTTTATCG-1,1.0
913,d2_5-atac-GTTATGGGTGCTGAAG-1,1.0
914,d2_5-atac-AAGGAGCTCTATTGTC-1,1.0
915,d2_5-atac-GTGTCCTAGCGGACAT-1,1.0
916,d2_5-atac-TCAGTTTTCGGGTCCA-1,1.0
917,d2_5-atac-GCCAGCACATGCTATG-1,0.0
918,d2_5-atac-TTGTTCAAGGCAGTGT-1,1.0
919,d2_5-atac-GCGAGTCCATCGACGC-1,1.0
920,d2_5-atac-CTTTGCGTCCGGCGAT-1,0.0
921,d2_5-atac-CCTATTAAGCAAGGTC-1,1.0
922,d2_5-atac-TAGCCCTTCTAAGGTC-1,0.0
923,d2_5-atac-TTCGTTAGTCAATACC-1,1.0
924,d2_5-atac-TGGGTGCGTTCCAGTA-1,1.0
925,d2_5-atac-CTTCTAATCGTGGGTC-1,1.0
926,d2_5-atac-TCTAGTTCACTAGCCG-1,0.0
927,d2_5-atac-GTGACATGTGTCGGTC-1,0.0
928,d2_5-atac-AGCTGATTCAGAATGA-1,1.0
929,d2_5-atac-TCAATTCCACTAGCCG-1,1.0
930,d2_5-atac-ACTTCCGCAAGGAGTC-1,1.0
931,d2_5-atac-AGCCTTCGTGCGTGTC-1,1.0
932,d2_5-atac-ACGTGGCCAACGTACT-1,1.0
933,d2_5-atac-GCTGCGACATGGTAAA-1,1.0
